name,split,ref_start,ref_end,steps,obs_mode,switch_penalty,include_own_history,train_cache,eval_cache,oracle,random_mean,random_std,best_fixed_cam,best_fixed,ppo_mean,ppo_std,ppo_seed_rates,switches_mean,seeds
A_ds3_to_ds4,train,1,33875,33874,latent,0.0,False,dataset3_full.npz,dataset4_full.npz,0.9968,0.6071,0.0014,0,0.9411,0.9542,0.0013,0.9535;0.9561;0.9530,10330.0,3
A_ds3_to_ds4,eval,1,26000,25999,latent,0.0,False,dataset3_full.npz,dataset4_full.npz,0.9906,0.5169,0.0017,0,0.8777,0.8525,0.0012,0.8531;0.8508;0.8535,9383.7,3
B_ds4_to_ds3,train,1,26000,25999,latent,0.0,False,dataset4_full.npz,dataset3_full.npz,0.9906,0.5169,0.0017,0,0.8777,0.875,0.0004,0.8751;0.8745;0.8755,8500.7,3
B_ds4_to_ds3,eval,1,33875,33874,latent,0.0,False,dataset4_full.npz,dataset3_full.npz,0.9968,0.6071,0.0014,0,0.9411,0.9398,0.0008,0.9410;0.9393;0.9392,10340.7,3
D2_ds4_bloklar,train,1,4800,4799,latent,0.0,False,dataset4_full.npz,dataset4_full.npz,1.0,0.3517,0.0062,4,0.7391,0.7661,0.0011,0.7645;0.7670;0.7666,1135.0,3
D2_ds4_bloklar,eval,5001,10000,4999,latent,0.0,False,dataset4_full.npz,dataset4_full.npz,0.9512,0.427,0.0072,0,0.7652,0.7626,0.0072,0.7722;0.7610;0.7548,1816.3,3
D2_ds4_bloklar,train_extra1,10201,15800,5599,latent,0.0,False,dataset4_full.npz,dataset4_full.npz,1.0,0.6429,0.0051,0,1.0,0.9344,0.0035,0.9316;0.9323;0.9393,1998.3,3
D2_ds4_bloklar,train_extra2,18201,26000,7799,latent,0.0,False,dataset4_full.npz,dataset4_full.npz,1.0,0.5696,0.0028,0,1.0,0.928,0.0013,0.9264;0.9295;0.9281,2475.3,3
D2_ds4_bloklar,eval_extra1,16001,18000,1999,latent,0.0,False,dataset4_full.npz,dataset4_full.npz,1.0,0.5399,0.0112,3,0.902,0.9576,0.0038,0.9525;0.9590;0.9615,678.0,3
A2_ds3_to_ds4_aux,train,1,33875,33874,latent+aux,0.0,False,dataset3_full.npz,dataset4_full.npz,0.9968,0.6071,0.0014,0,0.9411,0.9541,0.0007,0.9532;0.9550;0.9540,7709.3,3
A2_ds3_to_ds4_aux,eval,1,26000,25999,latent+aux,0.0,False,dataset3_full.npz,dataset4_full.npz,0.9906,0.5169,0.0017,0,0.8777,0.8794,0.0086,0.8895;0.8686;0.8801,5636.3,3
B2_ds4_to_ds3_aux,train,1,26000,25999,latent+aux,0.0,False,dataset4_full.npz,dataset3_full.npz,0.9906,0.5169,0.0017,0,0.8777,0.9234,0.0005,0.9229;0.9233;0.9240,5048.0,3
B2_ds4_to_ds3_aux,eval,1,33875,33874,latent+aux,0.0,False,dataset4_full.npz,dataset3_full.npz,0.9968,0.6071,0.0014,0,0.9411,0.9443,0.0007,0.9433;0.9451;0.9445,7330.3,3
D3_ds4_bloklar_aux,train,1,4800,4799,latent+aux,0.0,False,dataset4_full.npz,dataset4_full.npz,1.0,0.3517,0.0062,4,0.7391,0.8037,0.0008,0.8027;0.8039;0.8045,575.7,3
D3_ds4_bloklar_aux,eval,5001,10000,4999,latent+aux,0.0,False,dataset4_full.npz,dataset4_full.npz,0.9512,0.427,0.0072,0,0.7652,0.8507,0.0016,0.8508;0.8488;0.8526,883.7,3
D3_ds4_bloklar_aux,train_extra1,10201,15800,5599,latent+aux,0.0,False,dataset4_full.npz,dataset4_full.npz,1.0,0.6429,0.0051,0,1.0,0.9882,0.0028,0.9916;0.9846;0.9884,1325.3,3
D3_ds4_bloklar_aux,train_extra2,18201,26000,7799,latent+aux,0.0,False,dataset4_full.npz,dataset4_full.npz,1.0,0.5696,0.0028,0,1.0,0.9738,0.0023,0.9753;0.9705;0.9756,1811.3,3
D3_ds4_bloklar_aux,eval_extra1,16001,18000,1999,latent+aux,0.0,False,dataset4_full.npz,dataset4_full.npz,1.0,0.5399,0.0112,3,0.902,0.9661,0.0072,0.9590;0.9760;0.9635,393.3,3
C_karisik,train,1,11800,11799,latent+aux,0.0,False,dataset3_full.npz,dataset3_full.npz,1.0,0.6434,0.0026,0,1.0,0.9946,0.0017,0.9953;0.9962;0.9922,3131.0,3
C_karisik,eval,12001,14000,1999,latent+aux,0.0,False,dataset3_full.npz,dataset3_full.npz,0.9465,0.4487,0.0048,0,0.8369,0.8668,0.0017,0.8689;0.8664;0.8649,437.7,3
C_karisik,train_extra1,14200,27800,13600,latent+aux,0.0,False,dataset3_full.npz,dataset3_full.npz,1.0,0.602,0.0036,0,0.9986,0.9604,0.0018,0.9630;0.9594;0.9589,3793.3,3
C_karisik,train_extra2,30201,33875,3674,latent+aux,0.0,False,dataset3_full.npz,dataset3_full.npz,1.0,0.6309,0.0047,2,0.8631,0.783,0.0006,0.7825;0.7825;0.7839,932.7,3
C_karisik,train_extra3,1,4800,4799,latent+aux,0.0,False,dataset3_full.npz,dataset3_full.npz,1.0,0.3517,0.0062,4,0.7391,0.7988,0.0014,0.8004;0.7991;0.7970,638.0,3
C_karisik,train_extra4,10201,15800,5599,latent+aux,0.0,False,dataset3_full.npz,dataset3_full.npz,1.0,0.6429,0.0051,0,1.0,0.9847,0.0023,0.9870;0.9816;0.9855,1540.0,3
C_karisik,train_extra5,18201,26000,7799,latent+aux,0.0,False,dataset3_full.npz,dataset3_full.npz,1.0,0.5696,0.0028,0,1.0,0.9622,0.0046,0.9665;0.9559;0.9642,2018.7,3
C_karisik,eval_extra1,28001,30000,1999,latent+aux,0.0,False,dataset3_full.npz,dataset3_full.npz,1.0,0.5012,0.0129,2,0.6583,0.995,0.0027,0.9945;0.9920;0.9985,628.3,3
C_karisik,eval_extra2,5001,10000,4999,latent+aux,0.0,False,dataset3_full.npz,dataset3_full.npz,0.9512,0.427,0.0072,0,0.7652,0.8538,0.0015,0.8542;0.8554;0.8518,973.3,3
C_karisik,eval_extra3,16001,18000,1999,latent+aux,0.0,False,dataset3_full.npz,dataset3_full.npz,1.0,0.5399,0.0112,3,0.902,0.9481,0.0072,0.9565;0.9490;0.9390,517.7,3
C3_sadece_ds3,train,1,11800,11799,latent+aux,0.0,False,dataset3_full.npz,dataset3_full.npz,1.0,0.6434,0.0026,0,1.0,0.9969,0.0006,0.9968;0.9977;0.9964,2627.7,3
C3_sadece_ds3,eval,12001,14000,1999,latent+aux,0.0,False,dataset3_full.npz,dataset3_full.npz,0.9465,0.4487,0.0048,0,0.8369,0.8678,0.0103,0.8534;0.8774;0.8724,420.7,3
C3_sadece_ds3,train_extra1,14200,27800,13600,latent+aux,0.0,False,dataset3_full.npz,dataset3_full.npz,1.0,0.602,0.0036,0,0.9986,0.9671,0.0015,0.9692;0.9659;0.9663,3122.0,3
C3_sadece_ds3,train_extra2,30201,33875,3674,latent+aux,0.0,False,dataset3_full.npz,dataset3_full.npz,1.0,0.6309,0.0047,2,0.8631,0.7928,0.0019,0.7923;0.7953;0.7907,648.0,3
C3_sadece_ds3,eval_extra1,28001,30000,1999,latent+aux,0.0,False,dataset3_full.npz,dataset3_full.npz,1.0,0.5012,0.0129,2,0.6583,0.9992,0.0009,1.0000;0.9995;0.9980,388.3,3
C3_sadece_ds3,eval_extra2,5001,10000,4999,latent+aux,0.0,False,dataset3_full.npz,dataset3_full.npz,0.9512,0.427,0.0072,0,0.7652,0.8382,0.0016,0.8404;0.8366;0.8378,950.0,3
C3_sadece_ds3,eval_extra3,16001,18000,1999,latent+aux,0.0,False,dataset3_full.npz,dataset3_full.npz,1.0,0.5399,0.0112,3,0.902,0.8408,0.0087,0.8284;0.8469;0.8469,429.3,3
C4_sadece_ds4,train,1,4800,4799,latent+aux,0.0,False,dataset4_full.npz,dataset3_full.npz,1.0,0.3517,0.0062,4,0.7391,0.8037,0.0008,0.8027;0.8039;0.8045,575.7,3
C4_sadece_ds4,eval,12001,14000,1999,latent+aux,0.0,False,dataset4_full.npz,dataset3_full.npz,0.9465,0.4487,0.0048,0,0.8369,0.8616,0.0039,0.8614;0.8569;0.8664,306.0,3
C4_sadece_ds4,train_extra1,10201,15800,5599,latent+aux,0.0,False,dataset4_full.npz,dataset3_full.npz,1.0,0.6429,0.0051,0,1.0,0.9882,0.0028,0.9916;0.9846;0.9884,1325.3,3
C4_sadece_ds4,train_extra2,18201,26000,7799,latent+aux,0.0,False,dataset4_full.npz,dataset3_full.npz,1.0,0.5696,0.0028,0,1.0,0.9738,0.0023,0.9753;0.9705;0.9756,1811.3,3
C4_sadece_ds4,eval_extra1,28001,30000,1999,latent+aux,0.0,False,dataset4_full.npz,dataset3_full.npz,1.0,0.5012,0.0129,2,0.6583,0.994,0.0016,0.9960;0.9920;0.9940,531.3,3
C4_sadece_ds4,eval_extra2,5001,10000,4999,latent+aux,0.0,False,dataset4_full.npz,dataset3_full.npz,0.9512,0.427,0.0072,0,0.7652,0.8507,0.0016,0.8508;0.8488;0.8526,883.7,3
C4_sadece_ds4,eval_extra3,16001,18000,1999,latent+aux,0.0,False,dataset4_full.npz,dataset3_full.npz,1.0,0.5399,0.0112,3,0.902,0.9661,0.0072,0.9590;0.9760;0.9635,393.3,3
C_hist,train,1,11800,11799,latent+aux,0.1,True,dataset3_full.npz,dataset3_full.npz,1.0,0.6434,0.0026,0,1.0,0.9927,0.0016,0.9941;0.9936;0.9905,47.0,3
C_hist,eval,12001,14000,1999,latent+aux,0.1,True,dataset3_full.npz,dataset3_full.npz,0.9465,0.4487,0.0048,0,0.8369,0.8629,0.0154,0.8769;0.8704;0.8414,11.7,3
C_hist,train_extra1,14200,27800,13600,latent+aux,0.1,True,dataset3_full.npz,dataset3_full.npz,1.0,0.602,0.0036,0,0.9986,0.9523,0.0164,0.9726;0.9324;0.9521,62.3,3
C_hist,train_extra2,30201,33875,3674,latent+aux,0.1,True,dataset3_full.npz,dataset3_full.npz,1.0,0.6309,0.0047,2,0.8631,0.7387,0.0274,0.7493;0.7011;0.7657,19.0,3
C_hist,train_extra3,1,4800,4799,latent+aux,0.1,True,dataset3_full.npz,dataset3_full.npz,1.0,0.3517,0.0062,4,0.7391,0.7845,0.005,0.7831;0.7912;0.7793,60.3,3
C_hist,train_extra4,10201,15800,5599,latent+aux,0.1,True,dataset3_full.npz,dataset3_full.npz,1.0,0.6429,0.0051,0,1.0,0.9915,0.0032,0.9932;0.9943;0.9870,22.0,3
C_hist,train_extra5,18201,26000,7799,latent+aux,0.1,True,dataset3_full.npz,dataset3_full.npz,1.0,0.5696,0.0028,0,1.0,0.9636,0.0125,0.9753;0.9692;0.9463,59.0,3
C_hist,eval_extra1,28001,30000,1999,latent+aux,0.1,True,dataset3_full.npz,dataset3_full.npz,1.0,0.5012,0.0129,2,0.6583,0.9942,0.0029,0.9910;0.9980;0.9935,5.3,3
C_hist,eval_extra2,5001,10000,4999,latent+aux,0.1,True,dataset3_full.npz,dataset3_full.npz,0.9512,0.427,0.0072,0,0.7652,0.8544,0.0036,0.8578;0.8560;0.8494,35.0,3
C_hist,eval_extra3,16001,18000,1999,latent+aux,0.1,True,dataset3_full.npz,dataset3_full.npz,1.0,0.5399,0.0112,3,0.902,0.9827,0.0033,0.9830;0.9865;0.9785,10.7,3
D3_fixed_detector,train,1,4800,4799,latent+aux,0.0,False,dataset4_fixed.npz,dataset4_fixed.npz,1.0,0.3517,0.0062,4,0.7391,0.7989,0.003,0.7947;0.8012;0.8008,547.0,3
D3_fixed_detector,eval,5001,10000,4999,latent+aux,0.0,False,dataset4_fixed.npz,dataset4_fixed.npz,0.9512,0.427,0.0072,0,0.7652,0.8495,0.0011,0.8482;0.8494;0.8510,904.0,3
D3_fixed_detector,train_extra1,10201,15800,5599,latent+aux,0.0,False,dataset4_fixed.npz,dataset4_fixed.npz,1.0,0.6429,0.0051,0,1.0,0.9877,0.0022,0.9907;0.9859;0.9864,1369.3,3
D3_fixed_detector,train_extra2,18201,26000,7799,latent+aux,0.0,False,dataset4_fixed.npz,dataset4_fixed.npz,1.0,0.5696,0.0028,0,1.0,0.9752,0.0008,0.9764;0.9746;0.9746,1610.0,3
D3_fixed_detector,eval_extra1,16001,18000,1999,latent+aux,0.0,False,dataset4_fixed.npz,dataset4_fixed.npz,1.0,0.5399,0.0112,3,0.902,0.9601,0.0033,0.9595;0.9565;0.9645,482.7,3
D3_sens_tum_kameralar,train,1,4800,4799,latent+aux,0.0,False,dataset4_sens.npz,dataset4_sens.npz,1.0,0.3517,0.0062,4,0.7391,0.855,0.0086,0.8633;0.8431;0.8585,703.0,3
D3_sens_tum_kameralar,eval,5001,10000,4999,latent+aux,0.0,False,dataset4_sens.npz,dataset4_sens.npz,0.9512,0.427,0.0072,0,0.7652,0.8452,0.0078,0.8508;0.8342;0.8508,971.3,3
D3_sens_tum_kameralar,train_extra1,10201,15800,5599,latent+aux,0.0,False,dataset4_sens.npz,dataset4_sens.npz,1.0,0.6429,0.0051,0,1.0,0.9848,0.0032,0.9891;0.9814;0.9839,1380.3,3
D3_sens_tum_kameralar,train_extra2,18201,26000,7799,latent+aux,0.0,False,dataset4_sens.npz,dataset4_sens.npz,1.0,0.5696,0.0028,0,1.0,0.9779,0.0024,0.9773;0.9753;0.9810,1758.3,3
D3_sens_tum_kameralar,eval_extra1,16001,18000,1999,latent+aux,0.0,False,dataset4_sens.npz,dataset4_sens.npz,1.0,0.5399,0.0112,3,0.902,0.9563,0.0107,0.9440;0.9700;0.9550,397.7,3
D3_cam0_dusuk_esik,train,1,4800,4799,latent+aux,0.0,False,dataset4_cam0sens.npz,dataset4_cam0sens.npz,1.0,0.3517,0.0062,4,0.7391,0.799,0.0024,0.7956;0.8012;0.8002,557.0,3
D3_cam0_dusuk_esik,eval,5001,10000,4999,latent+aux,0.0,False,dataset4_cam0sens.npz,dataset4_cam0sens.npz,0.9512,0.427,0.0072,0,0.7652,0.8596,0.001,0.8584;0.8608;0.8596,1027.7,3
D3_cam0_dusuk_esik,train_extra1,10201,15800,5599,latent+aux,0.0,False,dataset4_cam0sens.npz,dataset4_cam0sens.npz,1.0,0.6429,0.0051,0,1.0,0.9888,0.002,0.9912;0.9862;0.9889,1458.3,3
D3_cam0_dusuk_esik,train_extra2,18201,26000,7799,latent+aux,0.0,False,dataset4_cam0sens.npz,dataset4_cam0sens.npz,1.0,0.5696,0.0028,0,1.0,0.9796,0.0006,0.9803;0.9796;0.9788,1889.3,3
D3_cam0_dusuk_esik,eval_extra1,16001,18000,1999,latent+aux,0.0,False,dataset4_cam0sens.npz,dataset4_cam0sens.npz,1.0,0.5399,0.0112,3,0.902,0.9797,0.0052,0.9725;0.9845;0.9820,490.7,3
D3_cam0_dusuk_esik_tekrar,train,1,4800,4799,latent+aux,0.0,False,dataset4_cam0low.npz,dataset4_cam0low.npz,1.0,0.3517,0.0062,4,0.7391,0.799,0.0024,0.7956;0.8012;0.8002,557.0,3
D3_cam0_dusuk_esik_tekrar,eval,5001,10000,4999,latent+aux,0.0,False,dataset4_cam0low.npz,dataset4_cam0low.npz,0.9512,0.427,0.0072,0,0.7652,0.8596,0.001,0.8584;0.8608;0.8596,1027.7,3
D3_cam0_dusuk_esik_tekrar,train_extra1,10201,15800,5599,latent+aux,0.0,False,dataset4_cam0low.npz,dataset4_cam0low.npz,1.0,0.6429,0.0051,0,1.0,0.9888,0.002,0.9912;0.9862;0.9889,1458.3,3
D3_cam0_dusuk_esik_tekrar,train_extra2,18201,26000,7799,latent+aux,0.0,False,dataset4_cam0low.npz,dataset4_cam0low.npz,1.0,0.5696,0.0028,0,1.0,0.9796,0.0006,0.9803;0.9796;0.9788,1889.3,3
D3_cam0_dusuk_esik_tekrar,eval_extra1,16001,18000,1999,latent+aux,0.0,False,dataset4_cam0low.npz,dataset4_cam0low.npz,1.0,0.5399,0.0112,3,0.902,0.9797,0.0052,0.9725;0.9845;0.9820,490.7,3
ds3test_ds4train_cam0low,train,1,4800,4799,latent+aux,0.0,False,dataset4_cam0low.npz,dataset3_cam0low.npz,1.0,0.3517,0.0062,4,0.7391,0.799,0.0024,0.7956;0.8012;0.8002,557.0,3
ds3test_ds4train_cam0low,eval,12001,14000,1999,latent+aux,0.0,False,dataset4_cam0low.npz,dataset3_cam0low.npz,0.9465,0.4487,0.0048,0,0.8369,0.8499,0.0065,0.8579;0.8419;0.8499,375.0,3
ds3test_ds4train_cam0low,train_extra1,10201,15800,5599,latent+aux,0.0,False,dataset4_cam0low.npz,dataset3_cam0low.npz,1.0,0.6429,0.0051,0,1.0,0.9888,0.002,0.9912;0.9862;0.9889,1458.3,3
ds3test_ds4train_cam0low,train_extra2,18201,26000,7799,latent+aux,0.0,False,dataset4_cam0low.npz,dataset3_cam0low.npz,1.0,0.5696,0.0028,0,1.0,0.9796,0.0006,0.9803;0.9796;0.9788,1889.3,3
ds3test_ds4train_cam0low,eval_extra1,28001,30000,1999,latent+aux,0.0,False,dataset4_cam0low.npz,dataset3_cam0low.npz,1.0,0.5012,0.0129,2,0.6583,0.9937,0.0029,0.9975;0.9930;0.9905,577.3,3
ds3test_ds4train_default,train,1,4800,4799,latent+aux,0.0,False,dataset4_fixed.npz,dataset3_fixed.npz,1.0,0.3517,0.0062,4,0.7391,0.7989,0.003,0.7947;0.8012;0.8008,547.0,3
ds3test_ds4train_default,eval,12001,14000,1999,latent+aux,0.0,False,dataset4_fixed.npz,dataset3_fixed.npz,0.9465,0.4487,0.0048,0,0.8369,0.8653,0.0006,0.8659;0.8644;0.8654,247.7,3
ds3test_ds4train_default,train_extra1,10201,15800,5599,latent+aux,0.0,False,dataset4_fixed.npz,dataset3_fixed.npz,1.0,0.6429,0.0051,0,1.0,0.9877,0.0022,0.9907;0.9859;0.9864,1369.3,3
ds3test_ds4train_default,train_extra2,18201,26000,7799,latent+aux,0.0,False,dataset4_fixed.npz,dataset3_fixed.npz,1.0,0.5696,0.0028,0,1.0,0.9752,0.0008,0.9764;0.9746;0.9746,1610.0,3
ds3test_ds4train_default,eval_extra1,28001,30000,1999,latent+aux,0.0,False,dataset4_fixed.npz,dataset3_fixed.npz,1.0,0.5012,0.0129,2,0.6583,0.994,0.0011,0.9950;0.9925;0.9945,524.3,3
foldB_mix,train,12001,14000,1999,latent+aux,0.1,True,dataset3_fixed.npz,dataset3_fixed.npz,0.9465,0.4487,0.0048,0,0.8369,0.8769,0.0004,0.8774;0.8769;0.8764,9.3,3
foldB_mix,eval,1,11800,11799,latent+aux,0.1,True,dataset3_fixed.npz,dataset3_fixed.npz,1.0,0.6434,0.0026,0,1.0,0.9901,0.0042,0.9842;0.9928;0.9932,35.7,3
foldB_mix,train_extra1,28001,30000,1999,latent+aux,0.1,True,dataset3_fixed.npz,dataset3_fixed.npz,1.0,0.5012,0.0129,2,0.6583,0.9922,0.001,0.9910;0.9935;0.9920,5.7,3
foldB_mix,train_extra2,5001,10000,4999,latent+aux,0.1,True,dataset3_fixed.npz,dataset3_fixed.npz,0.9512,0.427,0.0072,0,0.7652,0.8622,0.009,0.8510;0.8626;0.8730,34.0,3
foldB_mix,train_extra3,16001,18000,1999,latent+aux,0.1,True,dataset3_fixed.npz,dataset3_fixed.npz,1.0,0.5399,0.0112,3,0.902,0.9878,0.0086,0.9760;0.9960;0.9915,13.3,3
foldB_mix,eval_extra1,14200,27800,13600,latent+aux,0.1,True,dataset3_fixed.npz,dataset3_fixed.npz,1.0,0.602,0.0036,0,0.9986,0.924,0.0035,0.9274;0.9255;0.9191,58.3,3
foldB_mix,eval_extra2,30201,33875,3674,latent+aux,0.1,True,dataset3_fixed.npz,dataset3_fixed.npz,1.0,0.6309,0.0047,2,0.8631,0.6773,0.017,0.6845;0.6935;0.6538,25.3,3
foldB_mix,eval_extra3,1,4800,4799,latent+aux,0.1,True,dataset3_fixed.npz,dataset3_fixed.npz,1.0,0.3517,0.0062,4,0.7391,0.7344,0.0014,0.7324;0.7352;0.7356,56.3,3
foldB_mix,eval_extra4,10201,15800,5599,latent+aux,0.1,True,dataset3_fixed.npz,dataset3_fixed.npz,1.0,0.6429,0.0051,0,1.0,0.9751,0.0077,0.9859;0.9687;0.9707,27.7,3
foldB_mix,eval_extra5,18201,26000,7799,latent+aux,0.1,True,dataset3_fixed.npz,dataset3_fixed.npz,1.0,0.5696,0.0028,0,1.0,0.9466,0.0019,0.9492;0.9456;0.9450,60.7,3
foldB_ds4only,train,5001,10000,4999,latent+aux,0.1,True,dataset4_fixed.npz,dataset4_fixed.npz,0.9512,0.427,0.0072,0,0.7652,0.8626,0.0049,0.8636;0.8680;0.8562,37.7,3
foldB_ds4only,eval,1,4800,4799,latent+aux,0.1,True,dataset4_fixed.npz,dataset4_fixed.npz,1.0,0.3517,0.0062,4,0.7391,0.7377,0.02,0.7397;0.7612;0.7122,62.0,3
foldB_ds4only,train_extra1,16001,18000,1999,latent+aux,0.1,True,dataset4_fixed.npz,dataset4_fixed.npz,1.0,0.5399,0.0112,3,0.902,0.9838,0.0142,0.9640;0.9965;0.9910,12.7,3
foldB_ds4only,eval_extra1,10201,15800,5599,latent+aux,0.1,True,dataset4_fixed.npz,dataset4_fixed.npz,1.0,0.6429,0.0051,0,1.0,0.9736,0.0037,0.9702;0.9718;0.9787,36.0,3
foldB_ds4only,eval_extra2,18201,26000,7799,latent+aux,0.1,True,dataset4_fixed.npz,dataset4_fixed.npz,1.0,0.5696,0.0028,0,1.0,0.958,0.0072,0.9479;0.9642;0.9618,59.0,3
foldB_ds4only,eval_extra3,1,11800,11799,latent+aux,0.1,True,dataset4_fixed.npz,dataset4_fixed.npz,1.0,0.6434,0.0026,0,1.0,0.9925,0.0039,0.9912;0.9885;0.9977,48.0,3
foldB_ds4only,eval_extra4,14200,27800,13600,latent+aux,0.1,True,dataset4_fixed.npz,dataset4_fixed.npz,1.0,0.602,0.0036,0,0.9986,0.9253,0.0206,0.9396;0.9402;0.8962,63.3,3
foldB_ds4only,eval_extra5,30201,33875,3674,latent+aux,0.1,True,dataset4_fixed.npz,dataset4_fixed.npz,1.0,0.6309,0.0047,2,0.8631,0.6623,0.0247,0.6965;0.6513;0.6391,37.3,3
foldB_ds3only,train,12001,14000,1999,latent+aux,0.1,True,dataset3_fixed.npz,dataset3_fixed.npz,0.9465,0.4487,0.0048,0,0.8369,0.8699,0.008,0.8594;0.8789;0.8714,8.0,3
foldB_ds3only,eval,1,11800,11799,latent+aux,0.1,True,dataset3_fixed.npz,dataset3_fixed.npz,1.0,0.6434,0.0026,0,1.0,0.9893,0.0052,0.9843;0.9965;0.9869,34.7,3
foldB_ds3only,train_extra1,28001,30000,1999,latent+aux,0.1,True,dataset3_fixed.npz,dataset3_fixed.npz,1.0,0.5012,0.0129,2,0.6583,0.994,0.0018,0.9925;0.9965;0.9930,8.0,3
foldB_ds3only,eval_extra1,14200,27800,13600,latent+aux,0.1,True,dataset3_fixed.npz,dataset3_fixed.npz,1.0,0.602,0.0036,0,0.9986,0.9319,0.0066,0.9329;0.9396;0.9234,62.7,3
foldB_ds3only,eval_extra2,30201,33875,3674,latent+aux,0.1,True,dataset3_fixed.npz,dataset3_fixed.npz,1.0,0.6309,0.0047,2,0.8631,0.6952,0.0199,0.6854;0.7229;0.6772,29.0,3
foldB_ds3only,eval_extra3,1,4800,4799,latent+aux,0.1,True,dataset3_fixed.npz,dataset3_fixed.npz,1.0,0.3517,0.0062,4,0.7391,0.7643,0.0187,0.7822;0.7720;0.7385,49.0,3
foldB_ds3only,eval_extra4,10201,15800,5599,latent+aux,0.1,True,dataset3_fixed.npz,dataset3_fixed.npz,1.0,0.6429,0.0051,0,1.0,0.9783,0.0055,0.9782;0.9850;0.9716,33.7,3
foldB_ds3only,eval_extra5,18201,26000,7799,latent+aux,0.1,True,dataset3_fixed.npz,dataset3_fixed.npz,1.0,0.5696,0.0028,0,1.0,0.9559,0.0058,0.9478;0.9606;0.9594,59.3,3
C_relo,train,1,11800,11799,latent+aux+relo,0.1,True,dataset3_relo.npz,dataset3_relo.npz,1.0,0.6434,0.0026,0,1.0,0.9937,0.0026,0.9912;0.9925;0.9973,40.0,3
C_relo,eval,12001,14000,1999,latent+aux+relo,0.1,True,dataset3_relo.npz,dataset3_relo.npz,0.9465,0.4487,0.0048,0,0.8369,0.8739,0.0029,0.8704;0.8739;0.8774,5.7,3
C_relo,train_extra1,14200,27800,13600,latent+aux+relo,0.1,True,dataset3_relo.npz,dataset3_relo.npz,1.0,0.602,0.0036,0,0.9986,0.9626,0.0201,0.9359;0.9677;0.9843,53.0,3
C_relo,train_extra2,30201,33875,3674,latent+aux+relo,0.1,True,dataset3_relo.npz,dataset3_relo.npz,1.0,0.6309,0.0047,2,0.8631,0.8852,0.0806,0.8163;0.8410;0.9984,6.7,3
C_relo,train_extra3,1,4800,4799,latent+aux+relo,0.1,True,dataset3_relo.npz,dataset3_relo.npz,1.0,0.3517,0.0062,4,0.7391,0.836,0.0078,0.8289;0.8323;0.8468,33.3,3
C_relo,train_extra4,10201,15800,5599,latent+aux+relo,0.1,True,dataset3_relo.npz,dataset3_relo.npz,1.0,0.6429,0.0051,0,1.0,0.9879,0.0079,0.9768;0.9927;0.9943,15.3,3
C_relo,train_extra5,18201,26000,7799,latent+aux+relo,0.1,True,dataset3_relo.npz,dataset3_relo.npz,1.0,0.5696,0.0028,0,1.0,0.9836,0.0017,0.9818;0.9832;0.9859,27.3,3
C_relo,eval_extra1,28001,30000,1999,latent+aux+relo,0.1,True,dataset3_relo.npz,dataset3_relo.npz,1.0,0.5012,0.0129,2,0.6583,0.9807,0.0067,0.9715;0.9830;0.9875,5.0,3
C_relo,eval_extra2,5001,10000,4999,latent+aux+relo,0.1,True,dataset3_relo.npz,dataset3_relo.npz,0.9512,0.427,0.0072,0,0.7652,0.8458,0.0037,0.8442;0.8424;0.8510,27.3,3
C_relo,eval_extra3,16001,18000,1999,latent+aux+relo,0.1,True,dataset3_relo.npz,dataset3_relo.npz,1.0,0.5399,0.0112,3,0.902,0.9261,0.038,0.8809;0.9740;0.9235,9.3,3
C_fixed,train,1,11800,11799,latent+aux,0.1,True,dataset3_fixed.npz,dataset3_fixed.npz,1.0,0.6434,0.0026,0,1.0,0.9907,0.0026,0.9940;0.9905;0.9875,50.0,3
C_fixed,eval,12001,14000,1999,latent+aux,0.1,True,dataset3_fixed.npz,dataset3_fixed.npz,0.9465,0.4487,0.0048,0,0.8369,0.8721,0.0015,0.8734;0.8729;0.8699,14.3,3
C_fixed,train_extra1,14200,27800,13600,latent+aux,0.1,True,dataset3_fixed.npz,dataset3_fixed.npz,1.0,0.602,0.0036,0,0.9986,0.9466,0.0076,0.9421;0.9404;0.9572,77.3,3
C_fixed,train_extra2,30201,33875,3674,latent+aux,0.1,True,dataset3_fixed.npz,dataset3_fixed.npz,1.0,0.6309,0.0047,2,0.8631,0.7158,0.0197,0.7254;0.6884;0.7335,27.3,3
C_fixed,train_extra3,1,4800,4799,latent+aux,0.1,True,dataset3_fixed.npz,dataset3_fixed.npz,1.0,0.3517,0.0062,4,0.7391,0.7811,0.004,0.7770;0.7866;0.7797,69.3,3
C_fixed,train_extra4,10201,15800,5599,latent+aux,0.1,True,dataset3_fixed.npz,dataset3_fixed.npz,1.0,0.6429,0.0051,0,1.0,0.9831,0.0043,0.9793;0.9891;0.9809,31.0,3
C_fixed,train_extra5,18201,26000,7799,latent+aux,0.1,True,dataset3_fixed.npz,dataset3_fixed.npz,1.0,0.5696,0.0028,0,1.0,0.9571,0.0029,0.9573;0.9605;0.9535,66.7,3
C_fixed,eval_extra1,28001,30000,1999,latent+aux,0.1,True,dataset3_fixed.npz,dataset3_fixed.npz,1.0,0.5012,0.0129,2,0.6583,0.9885,0.0023,0.9910;0.9855;0.9890,8.0,3
C_fixed,eval_extra2,5001,10000,4999,latent+aux,0.1,True,dataset3_fixed.npz,dataset3_fixed.npz,0.9512,0.427,0.0072,0,0.7652,0.848,0.0054,0.8436;0.8450;0.8556,68.0,3
C_fixed,eval_extra3,16001,18000,1999,latent+aux,0.1,True,dataset3_fixed.npz,dataset3_fixed.npz,1.0,0.5399,0.0112,3,0.902,0.9767,0.0022,0.9795;0.9765;0.9740,17.0,3
C_relo_ozelliksiz,train,1,11800,11799,latent+aux,0.1,True,dataset3_relo.npz,dataset3_relo.npz,1.0,0.6434,0.0026,0,1.0,0.9934,0.0033,0.9964;0.9950;0.9887,53.0,3
C_relo_ozelliksiz,eval,12001,14000,1999,latent+aux,0.1,True,dataset3_relo.npz,dataset3_relo.npz,0.9465,0.4487,0.0048,0,0.8369,0.8556,0.0085,0.8534;0.8669;0.8464,15.3,3
C_relo_ozelliksiz,train_extra1,14200,27800,13600,latent+aux,0.1,True,dataset3_relo.npz,dataset3_relo.npz,1.0,0.602,0.0036,0,0.9986,0.9811,0.0152,0.9596;0.9908;0.9929,66.0,3
C_relo_ozelliksiz,train_extra2,30201,33875,3674,latent+aux,0.1,True,dataset3_relo.npz,dataset3_relo.npz,1.0,0.6309,0.0047,2,0.8631,0.9833,0.0165,0.9600;0.9954;0.9946,8.3,3
C_relo_ozelliksiz,train_extra3,1,4800,4799,latent+aux,0.1,True,dataset3_relo.npz,dataset3_relo.npz,1.0,0.3517,0.0062,4,0.7391,0.8367,0.0087,0.8260;0.8368;0.8473,57.3,3
C_relo_ozelliksiz,train_extra4,10201,15800,5599,latent+aux,0.1,True,dataset3_relo.npz,dataset3_relo.npz,1.0,0.6429,0.0051,0,1.0,0.9923,0.0023,0.9898;0.9954;0.9916,14.3,3
C_relo_ozelliksiz,train_extra5,18201,26000,7799,latent+aux,0.1,True,dataset3_relo.npz,dataset3_relo.npz,1.0,0.5696,0.0028,0,1.0,0.9877,0.0025,0.9842;0.9890;0.9900,37.7,3
C_relo_ozelliksiz,eval_extra1,28001,30000,1999,latent+aux,0.1,True,dataset3_relo.npz,dataset3_relo.npz,1.0,0.5012,0.0129,2,0.6583,0.9812,0.0041,0.9870;0.9785;0.9780,5.0,3
C_relo_ozelliksiz,eval_extra2,5001,10000,4999,latent+aux,0.1,True,dataset3_relo.npz,dataset3_relo.npz,0.9512,0.427,0.0072,0,0.7652,0.827,0.0145,0.8442;0.8280;0.8088,34.0,3
C_relo_ozelliksiz,eval_extra3,16001,18000,1999,latent+aux,0.1,True,dataset3_relo.npz,dataset3_relo.npz,1.0,0.5399,0.0112,3,0.902,0.9496,0.0254,0.9735;0.9145;0.9610,19.3,3
foldB_relo,train,12001,14000,1999,latent+aux+relo,0.1,True,dataset3_relo.npz,dataset3_relo.npz,0.9465,0.4487,0.0048,0,0.8369,0.8726,0.015,0.8839;0.8514;0.8824,7.0,3
foldB_relo,eval,1,11800,11799,latent+aux+relo,0.1,True,dataset3_relo.npz,dataset3_relo.npz,1.0,0.6434,0.0026,0,1.0,0.9898,0.0023,0.9928;0.9892;0.9873,46.7,3
foldB_relo,train_extra1,28001,30000,1999,latent+aux+relo,0.1,True,dataset3_relo.npz,dataset3_relo.npz,1.0,0.5012,0.0129,2,0.6583,0.9893,0.0006,0.9895;0.9900;0.9885,5.0,3
foldB_relo,train_extra2,5001,10000,4999,latent+aux+relo,0.1,True,dataset3_relo.npz,dataset3_relo.npz,0.9512,0.427,0.0072,0,0.7652,0.8601,0.0088,0.8478;0.8652;0.8674,38.7,3
foldB_relo,train_extra3,16001,18000,1999,latent+aux+relo,0.1,True,dataset3_relo.npz,dataset3_relo.npz,1.0,0.5399,0.0112,3,0.902,0.9793,0.0236,0.9940;0.9460;0.9980,10.0,3
foldB_relo,eval_extra1,14200,27800,13600,latent+aux+relo,0.1,True,dataset3_relo.npz,dataset3_relo.npz,1.0,0.602,0.0036,0,0.9986,0.9633,0.0097,0.9612;0.9526;0.9760,48.7,3
foldB_relo,eval_extra2,30201,33875,3674,latent+aux+relo,0.1,True,dataset3_relo.npz,dataset3_relo.npz,1.0,0.6309,0.0047,2,0.8631,0.7913,0.0306,0.7482;0.8160;0.8097,21.7,3
foldB_relo,eval_extra3,1,4800,4799,latent+aux+relo,0.1,True,dataset3_relo.npz,dataset3_relo.npz,1.0,0.3517,0.0062,4,0.7391,0.7477,0.0095,0.7368;0.7599;0.7464,61.7,3
foldB_relo,eval_extra4,10201,15800,5599,latent+aux+relo,0.1,True,dataset3_relo.npz,dataset3_relo.npz,1.0,0.6429,0.0051,0,1.0,0.9914,0.0035,0.9905;0.9961;0.9877,20.7,3
foldB_relo,eval_extra5,18201,26000,7799,latent+aux+relo,0.1,True,dataset3_relo.npz,dataset3_relo.npz,1.0,0.5696,0.0028,0,1.0,0.967,0.0102,0.9559;0.9805;0.9645,45.0,3
